Model,RMSE,MAE,R2
Linear Regression,21.240075571495616,11.649772374784806,0.9238446406590402
Decision Tree,30.030893276064184,14.92764878675652,0.847761373309469
Random Forest,22.28998364003366,12.113439966942565,0.9161297657685826
Gradient Boosting,24.318733601508377,15.465940404265174,0.9001678861340904
